id;patch_id;path;time_staple
1;44fff437-52c9-4f63-af1c-45386ba15ee1;integrate data-warehouse;2022-05-03
2;f9eaf9c7-b0fa-4348-93de-4d2f1da7ece5;De-engineered;2022-05-03
3;7eb02bb1-1948-4736-bdd4-29fe2b6a95c0;Soft deposit;2022-05-03
4;bcadf312-9262-486a-bb70-7daa79267749;Central Kina Customer-focused;2022-05-03
5;dbf6d459-399d-47b1-94c2-c0ae6566b746;user-centric content Account;2022-05-03
6;9fc4cc9c-962c-43c7-81e5-109866477197;virtual Data Texas;2022-05-03
7;879de766-93f7-49df-9dbb-fef114926eab;coherent Berkshire Sleek;2022-05-03
8;51ef217d-f4db-4365-bfdd-c2787ec10e6c;Horizontal;2022-05-03
9;cd3e70b3-eff6-4540-844f-c4addfde7a43;Designer;2022-05-03
10;7f150e62-8668-44de-b826-ea1d7f0c7435;invoice Village Bedfordshire;2022-05-03
